/***
*** Requester Name:  	Pinky Kushwaha
*** Purpose :		SK-52054
*** Schema  :		atgcore
*** Date of Request : 	May 29, 2017
***/


insert into SK_COUNTRIES values('NI','Nicaragua',0,'');
insert into SK_COUNTRIES values('BR','Brazil',0,'');
insert into SK_COUNTRIES values('DO','Dominican Republic',0,'');
insert into SK_COUNTRIES values('SV','El Salvador',0,'');
insert into SK_COUNTRIES values('GT','Guatemala',0,'');
insert into SK_COUNTRIES values('HN','Honduras',0,'');
insert into SK_COUNTRIES values('IS','Iceland',0,'');
insert into SK_COUNTRIES values('CR','Costa Rica',0,'');


--------------------------------------------------------
--  State for US country
--------------------------------------------------------

insert into sk_state values('US:AL','US','AL','Alabama');
insert into sk_state values('US:AK','US','AK','Alaska');
insert into sk_state values('US:AZ','US','AZ','Arizona');
insert into sk_state values('US:AR','US','AR','Arkansas');
insert into sk_state values('US:CA','US','CA','California');
insert into sk_state values('US:CO','US','CO','Colorado');
insert into sk_state values('US:CT','US','CT','Connecticut');
insert into sk_state values('US:DE','US','DE','Delaware');
insert into sk_state values('US:DC','US','DC','District of Columbia');
insert into sk_state values('US:FL','US','FL','Florida');
insert into sk_state values('US:GA','US','GA','Georgia');
insert into sk_state values('US:HI','US','HI','Hawaii');
insert into sk_state values('US:KS','US','KS','Kansas');
insert into sk_state values('US:KY','US','KY','Kentucky');
insert into sk_state values('US:LA','US','LA','Louisiana');
insert into sk_state values('US:ME','US','ME','Maine');
insert into sk_state values('US:MD','US','MD','Maryland');
insert into sk_state values('US:MA','US','MA','Massachusetts');
insert into sk_state values('US:MI','US','MI','Michigan');
insert into sk_state values('US:MN','US','MN','Minnesota');
insert into sk_state values('US:MS','US','MS','Mississippi');
insert into sk_state values('US:MO','US','MO','Missouri');
insert into sk_state values('US:MT','US','MT','Montana');
insert into sk_state values('US:NE','US','NE','Nebraska');
insert into sk_state values('US:NV','US','NV','Nevada');
insert into sk_state values('US:NH','US','NH','New Hampshire');
insert into sk_state values('US:NJ','US','NJ','New Jersey');
insert into sk_state values('US:NM','US','NM','New Mexico');
insert into sk_state values('US:NY','US','NY','New York');
insert into sk_state values('US:NC','US','NC','North Carolina');
insert into sk_state values('US:ND','US','ND','North Dakota');
insert into sk_state values('US:OH','US','OH','Ohio');
insert into sk_state values('US:OK','US','OK','Oklahoma');
insert into sk_state values('US:OR','US','OR','Oregon');
insert into sk_state values('US:PA','US','PA','Pennsylvania');
insert into sk_state values('US:RI','US','RI','Rhode Island');
insert into sk_state values('US:SC','US','SC','South Carolina');
insert into sk_state values('US:SD','US','SD','South Dakota');
insert into sk_state values('US:TN','US','TN','Tennessee');
insert into sk_state values('US:TX','US','TX','Texas');
insert into sk_state values('US:UT','US','UT','Utah');
insert into sk_state values('US:VT','US','VT','Vermont');
insert into sk_state values('US:VA','US','VA','Virginia');
insert into sk_state values('US:WA','US','WA','Washington');
insert into sk_state values('US:WV','US','WV','West Virginia');
insert into sk_state values('US:WI','US','WI','Wisconsin');
insert into sk_state values('US:WY','US','WY','Wyoming');



insert into sk_states values('US',0,'US:AL');
insert into sk_states values('US',1,'US:AK');
insert into sk_states values('US',2,'US:AZ');
insert into sk_states values('US',3,'US:AR');
insert into sk_states values('US',4,'US:CA');
insert into sk_states values('US',5,'US:CO');
insert into sk_states values('US',6,'US:CT');
insert into sk_states values('US',7,'US:DE');
insert into sk_states values('US',8,'US:DC');
insert into sk_states values('US',9,'US:FL');
insert into sk_states values('US',10,'US:GA');
insert into sk_states values('US',11,'US:HI');
insert into sk_states values('US',12,'US:KS');
insert into sk_states values('US',13,'US:KY');
insert into sk_states values('US',15,'US:LA');
insert into sk_states values('US',16,'US:ME');
insert into sk_states values('US',17,'US:MD');
insert into sk_states values('US',18,'US:MA');
insert into sk_states values('US',19,'US:MI');
insert into sk_states values('US',20,'US:MN');
insert into sk_states values('US',21,'US:MS');
insert into sk_states values('US',22,'US:MO');
insert into sk_states values('US',23,'US:MT');
insert into sk_states values('US',24,'US:NE');
insert into sk_states values('US',25,'US:NV');
insert into sk_states values('US',26,'US:NH');
insert into sk_states values('US',27,'US:NJ');
insert into sk_states values('US',28,'US:NM');
insert into sk_states values('US',29,'US:NY');
insert into sk_states values('US',30,'US:NC');
insert into sk_states values('US',31,'US:ND');
insert into sk_states values('US',32,'US:OH');
insert into sk_states values('US',33,'US:OK');
insert into sk_states values('US',34,'US:OR');
insert into sk_states values('US',35,'US:PA');
insert into sk_states values('US',36,'US:RI');
insert into sk_states values('US',37,'US:SC');
insert into sk_states values('US',38,'US:SD');
insert into sk_states values('US',39,'US:TN');
insert into sk_states values('US',40,'US:TX');
insert into sk_states values('US',41,'US:UT');
insert into sk_states values('US',42,'US:VT');
insert into sk_states values('US',43,'US:VA');
insert into sk_states values('US',44,'US:WA');
insert into sk_states values('US',45,'US:WV');
insert into sk_states values('US',46,'US:WI');
insert into sk_states values('US',47,'US:WY');

--------------------------------------------------------
--  State for Maxico country
--------------------------------------------------------

insert into sk_state values('MX:MX-AGU','MX','MX-AGU','Aguascalientes');
insert into sk_state values('MX:MX-BCN','MX','MX-BCN','Baja California');
insert into sk_state values('MX:MX-BCS','MX','MX-BCS','Baja California S');
insert into sk_state values('MX:MX-CAM','MX','MX-CAM','Campeche');
insert into sk_state values('MX:MX-CHP','MX','MX-CHP','Chiapas');
insert into sk_state values('MX:MX-CHH','MX','MX-CHH','Chihuahua');
insert into sk_state values('MX:MX-COA','MX','MX-COA','Coahuila');
insert into sk_state values('MX:MX-COL','MX','MX-COL','Colima');
insert into sk_state values('MX:MX-CMX','MX','MX-CMX','Ciudad de Mexico');
insert into sk_state values('MX:MX-DUR','MX','MX-DUR','Durango');
insert into sk_state values('MX:MX-MEX','MX','MX-MEX','Estado de Mexico');
insert into sk_state values('MX:MX-GUA','MX','MX-GUA','Guanajuato');
insert into sk_state values('MX:MX-GRO','MX','MX-GRO','Guerrero');
insert into sk_state values('MX:MX-HID','MX','MX-HID','Hidalgo');
insert into sk_state values('MX:MX-JAL','MX','MX-JAL','Jalisco');
insert into sk_state values('MX:MX-MIC','MX','MX-MIC','Michoacan');
insert into sk_state values('MX:MX-MOR','MX','MX-MOR','Morelos');
insert into sk_state values('MX:MX-NAY','MX','MX-NAY','Nayarit');
insert into sk_state values('MX:MX-NLE','MX','MX-NLE','Nuevo Leon');
insert into sk_state values('MX:MX-OAX','MX','MX-OAX','Oaxaca');
insert into sk_state values('MX:MX-PUE','MX','MX-PUE','Puebla');
insert into sk_state values('MX:MX-QUE','MX','MX-QUE','Queretaro');
insert into sk_state values('MX:MX-ROO','MX','MX-ROO','Quintana Roo');
insert into sk_state values('MX:MX-SLP','MX','MX-SLP','San Luis Potosi');
insert into sk_state values('MX:MX-SIN','MX','MX-SIN','Sinaloa');
insert into sk_state values('MX:MX-SON','MX','MX-SON','Sonora');
insert into sk_state values('MX:MX-TAB','MX','MX-TAB','Tabasco');
insert into sk_state values('MX:MX-TAM','MX','MX-TAM','Tamaulipas');
insert into sk_state values('MX:MX-TLA','MX','MX-TLA','Tlaxcala');
insert into sk_state values('MX:MX-VER','MX','MX-VER','Veracruz');
insert into sk_state values('MX:MX-YUC','MX','MX-YUC','Yucatan');
insert into sk_state values('MX:MX-ZAC','MX','MX-ZAC','Zacatecas');


insert into sk_states values('MX',0,'MX:MX-AGU');
insert into sk_states values('MX',1,'MX:MX-BCN');
insert into sk_states values('MX',2,'MX:MX-BCS');
insert into sk_states values('MX',3,'MX:MX-CAM');
insert into sk_states values('MX',4,'MX:MX-CHP');
insert into sk_states values('MX',5,'MX:MX-CHH');
insert into sk_states values('MX',6,'MX:MX-COA');
insert into sk_states values('MX',7,'MX:MX-COL');
insert into sk_states values('MX',8,'MX:MX-CMX');
insert into sk_states values('MX',9,'MX:MX-DUR');
insert into sk_states values('MX',10,'MX:MX-MEX');
insert into sk_states values('MX',11,'MX:MX-GUA');
insert into sk_states values('MX',12,'MX:MX-GRO');
insert into sk_states values('MX',13,'MX:MX-HID');
insert into sk_states values('MX',15,'MX:MX-JAL');
insert into sk_states values('MX',16,'MX:MX-MIC');
insert into sk_states values('MX',17,'MX:MX-MOR');
insert into sk_states values('MX',18,'MX:MX-NAY');
insert into sk_states values('MX',19,'MX:MX-NLE');
insert into sk_states values('MX',20,'MX:MX-OAX');
insert into sk_states values('MX',21,'MX:MX-PUE');
insert into sk_states values('MX',22,'MX:MX-QUE');
insert into sk_states values('MX',23,'MX:MX-ROO');
insert into sk_states values('MX',24,'MX:MX-SLP');
insert into sk_states values('MX',25,'MX:MX-SIN');
insert into sk_states values('MX',26,'MX:MX-SON');
insert into sk_states values('MX',27,'MX:MX-TAB');
insert into sk_states values('MX',28,'MX:MX-TAM');
insert into sk_states values('MX',29,'MX:MX-TLA');
insert into sk_states values('MX',30,'MX:MX-VER');
insert into sk_states values('MX',31,'MX:MX-YUC');
insert into sk_states values('MX',32,'MX:MX-ZAC');

--------------------------------------------------------
--  State for Australia country
--------------------------------------------------------

insert into sk_state values('AU:AU-ACT','AU','AU-ACT','Australian Capital Territory');
insert into sk_state values('AU:AU-NSW','AU','AU-NSW','New South Wales');
insert into sk_state values('AU:AU-NT','AU','AU-NT','Northern Territory');
insert into sk_state values('AU:AU-QLD','AU','AU-QLD','Queensland');
insert into sk_state values('AU:AU-SA','AU','AU-SA','South Australia');
insert into sk_state values('AU:AU-TAS','AU','AU-TAS','Tasmania');
insert into sk_state values('AU:AU-VIC','AU','AU-VIC','Victoria');
insert into sk_state values('AU:AU-WA','AU','AU-WA','Western Australia');

 
insert into sk_states values('AU',0,'AU:AU-ACT');
insert into sk_states values('AU',1,'AU:AU-NSW');
insert into sk_states values('AU',2,'AU:AU-NT');
insert into sk_states values('AU',3,'AU:AU-QLD');
insert into sk_states values('AU',4,'AU:AU-SA');
insert into sk_states values('AU',5,'AU:AU-TAS');
insert into sk_states values('AU',6,'AU:AU-VIC');
insert into sk_states values('AU',7,'AU:AU-WA');

--------------------------------------------------------
--  State for Brazil country
--------------------------------------------------------

insert into sk_state values('BR:BR-AC','BR','BR-AC','Acre');
insert into sk_state values('BR:BR-AL','BR','BR-AL','Alagoas');
insert into sk_state values('BR:BR-AP','BR','BR-AP','Amapa');
insert into sk_state values('BR:BR-AM','BR','BR-AM','Amazonas');
insert into sk_state values('BR:BR-BA','BR','BR-BA','Bahia');
insert into sk_state values('BR:BR-CE','BR','BR-CE','Ceara');
insert into sk_state values('BR:BR-DF','BR','BR-DF','Distrito Federal');
insert into sk_state values('BR:BR-ES','BR','BR-ES','Espirito Santo');
insert into sk_state values('BR:BR-GO','BR','BR-GO','Goias');
insert into sk_state values('BR:BR-MA','BR','BR-MA','Maranhao');
insert into sk_state values('BR:BR-MT','BR','BR-MT','Mato Grosso');
insert into sk_state values('BR:BR-MS','BR','BR-MS','Mato Grosso do Sul');
insert into sk_state values('BR:BR-MG','BR','BR-MG','Minas Gerais');
insert into sk_state values('BR:BR-PA','BR','BR-PA','Para');
insert into sk_state values('BR:BR-PB','BR','BR-PB','Paraiba');
insert into sk_state values('BR:BR-PR','BR','BR-PR','Parana');
insert into sk_state values('BR:BR-PE','BR','BR-PE','Pernambuco');
insert into sk_state values('BR:BR-PI','BR','BR-PI','Piaui');
insert into sk_state values('BR:BR-RJ','BR','BR-RJ','Rio de Janeiro');
insert into sk_state values('BR:BR-RN','BR','BR-RN','Rio Grande do Norte');
insert into sk_state values('BR:BR-RS','BR','BR-RS','Rio Grande do Sul');
insert into sk_state values('BR:BR-RO','BR','BR-RO','Rondonia');
insert into sk_state values('BR:BR-RR','BR','BR-RR','Roraima');
insert into sk_state values('BR:BR-SC','BR','BR-SC','Santa Catarina');
insert into sk_state values('BR:BR-SP','BR','BR-SP','Sao Paulo');
insert into sk_state values('BR:BR-SE','BR','BR-SE','Sergipe');
insert into sk_state values('BR:BR-TO','BR','BR-TO','Tocantins');


insert into sk_states values('BR',0,'BR:BR-AC');
insert into sk_states values('BR',1,'BR:BR-AL');
insert into sk_states values('BR',2,'BR:BR-AP');
insert into sk_states values('BR',3,'BR:BR-AM');
insert into sk_states values('BR',4,'BR:BR-BA');
insert into sk_states values('BR',5,'BR:BR-CE');
insert into sk_states values('BR',6,'BR:BR-DF');
insert into sk_states values('BR',7,'BR:BR-ES');
insert into sk_states values('BR',8,'BR:BR-GO');
insert into sk_states values('BR',9,'BR:BR-MA');
insert into sk_states values('BR',10,'BR:BR-MT');
insert into sk_states values('BR',11,'BR:BR-MS');
insert into sk_states values('BR',12,'BR:BR-MG');
insert into sk_states values('BR',13,'BR:BR-PA');
insert into sk_states values('BR',14,'BR:BR-PB');
insert into sk_states values('BR',15,'BR:BR-PR');
insert into sk_states values('BR',16,'BR:BR-PE');
insert into sk_states values('BR',17,'BR:BR-PI');
insert into sk_states values('BR',18,'BR:BR-RJ');
insert into sk_states values('BR',19,'BR:BR-RN');
insert into sk_states values('BR',20,'BR:BR-RS');
insert into sk_states values('BR',21,'BR:BR-RO');
insert into sk_states values('BR',22,'BR:BR-RR');
insert into sk_states values('BR',23,'BR:BR-SC');
insert into sk_states values('BR',24,'BR:BR-SP');
insert into sk_states values('BR',25,'BR:BR-SE');
insert into sk_states values('BR',26,'BR:BR-TO');


--------------------------------------------------------
--  State for Canada country
--------------------------------------------------------

insert into sk_state values('CA:CA-AB','CA','CA-AB','Alberta');
insert into sk_state values('CA:CA-BC','CA','CA-BC','British Columbia');
insert into sk_state values('CA:CA-MB','CA','CA-MB','Manitoba');
insert into sk_state values('CA:CA-NB','CA','CA-NB','New Brunswick');
insert into sk_state values('CA:CA-NL','CA','CA-NL','Newfoundland and Labrador');
insert into sk_state values('CA:CA-NT','CA','CA-NT','Northwest Territories');
insert into sk_state values('CA:CA-NS','CA','CA-NS','Nova Scotia');
insert into sk_state values('CA:CA-NU','CA','CA-NU','Nunavut');
insert into sk_state values('CA:CA-ON','CA','CA-ON','Ontario');
insert into sk_state values('CA:CA-PE','CA','CA-PE','Prince Edward Island');
insert into sk_state values('CA:CA-QC','CA','CA-QC','Quebec');
insert into sk_state values('CA:CA-SK','CA','CA-SK','Saskatchewan');
insert into sk_state values('CA:CA-YK','CA','CA-YK','Yukon Territory');


insert into sk_states values('CA',0,'CA:CA-AB');
insert into sk_states values('CA',1,'CA:CA-BC');
insert into sk_states values('CA',2,'CA:CA-MB');
insert into sk_states values('CA',3,'CA:CA-NB');
insert into sk_states values('CA',4,'CA:CA-NL');
insert into sk_states values('CA',5,'CA:CA-NT');
insert into sk_states values('CA',6,'CA:CA-NS');
insert into sk_states values('CA',7,'CA:CA-NU');
insert into sk_states values('CA',8,'CA:CA-ON');
insert into sk_states values('CA',9,'CA:CA-PE');
insert into sk_states values('CA',10,'CA:CA-QC');
insert into sk_states values('CA',11,'CA:CA-SK');
insert into sk_states values('CA',12,'CA:CA-YK');

--------------------------------------------------------
--  State for China country
--------------------------------------------------------

insert into sk_state values('CN:CN-34','CN','CN-34','Anhui');
insert into sk_state values('CN:CN-92','CN','CN-92','Aomen');
insert into sk_state values('CN:CN-11','CN','CN-11','Beijing');
insert into sk_state values('CN:CN-50','CN','CN-50','Chongqing');
insert into sk_state values('CN:CN-35','CN','CN-35','Fujian');
insert into sk_state values('CN:CN-62','CN','CN-62','Gansu');
insert into sk_state values('CN:CN-44','CN','CN-44','Guangdong');
insert into sk_state values('CN:CN-45','CN','CN-45','Guangxi');
insert into sk_state values('CN:CN-52','CN','CN-52','Guizhou');
insert into sk_state values('CN:CN-46','CN','CN-46','Hainan');
insert into sk_state values('CN:CN-13','CN','CN-13','Hebei');
insert into sk_state values('CN:CN-23','CN','CN-23','Heilongjiang');
insert into sk_state values('CN:CN-41','CN','CN-41','Henan');
insert into sk_state values('CN:CN-42','CN','CN-42','Hubei');
insert into sk_state values('CN:CN-43','CN','CN-43','Hunan');
insert into sk_state values('CN:CN-32','CN','CN-32','Jiangsu');
insert into sk_state values('CN:CN-36','CN','CN-36','Jiangxi');
insert into sk_state values('CN:CN-22','CN','CN-22','Jilin');
insert into sk_state values('CN:CN-21','CN','CN-21','Liaoning');
insert into sk_state values('CN:CN-15','CN','CN-15','Nei Mongol');
insert into sk_state values('CN:CN-64','CN','CN-64','Ningxia');
insert into sk_state values('CN:CN-63','CN','CN-63','Qinghai');
insert into sk_state values('CN:CN-61','CN','CN-61','Shaanxi');
insert into sk_state values('CN:CN-37','CN','CN-37','Shandong');
insert into sk_state values('CN:CN-31','CN','CN-31','Shanghai');
insert into sk_state values('CN:CN-14','CN','CN-14','Shanxi');
insert into sk_state values('CN:CN-51','CN','CN-51','Sichuan');
insert into sk_state values('CN:CN-71','CN','CN-71','Taiwan');
insert into sk_state values('CN:CN-12','CN','CN-12','Tianjin');
insert into sk_state values('CN:CN-91','CN','CN-91','Xianggang');
insert into sk_state values('CN:CN-65','CN','CN-65','Xinjiang');
insert into sk_state values('CN:CN-54','CN','CN-54','Xizang');
insert into sk_state values('CN:CN-53','CN','CN-53','Yunnan');
insert into sk_state values('CN:CN-33','CN','CN-33','Zhejiang');

insert into sk_states values('CN',0,'CN:CN-34');
insert into sk_states values('CN',1,'CN:CN-92');
insert into sk_states values('CN',2,'CN:CN-11');
insert into sk_states values('CN',3,'CN:CN-50');
insert into sk_states values('CN',4,'CN:CN-35');
insert into sk_states values('CN',5,'CN:CN-62');
insert into sk_states values('CN',6,'CN:CN-44');
insert into sk_states values('CN',7,'CN:CN-45');
insert into sk_states values('CN',8,'CN:CN-52');
insert into sk_states values('CN',9,'CN:CN-46');
insert into sk_states values('CN',10,'CN:CN-13');
insert into sk_states values('CN',11,'CN:CN-23');
insert into sk_states values('CN',12,'CN:CN-41');
insert into sk_states values('CN',13,'CN:CN-42');
insert into sk_states values('CN',14,'CN:CN-43');
insert into sk_states values('CN',15,'CN:CN-32');
insert into sk_states values('CN',16,'CN:CN-36');
insert into sk_states values('CN',17,'CN:CN-22');
insert into sk_states values('CN',18,'CN:CN-21');
insert into sk_states values('CN',19,'CN:CN-15');
insert into sk_states values('CN',20,'CN:CN-64');
insert into sk_states values('CN',21,'CN:CN-63');
insert into sk_states values('CN',22,'CN:CN-61');
insert into sk_states values('CN',23,'CN:CN-37');
insert into sk_states values('CN',24,'CN:CN-31');
insert into sk_states values('CN',25,'CN:CN-14');
insert into sk_states values('CN',26,'CN:CN-51');
insert into sk_states values('CN',27,'CN:CN-71');
insert into sk_states values('CN',28,'CN:CN-12');
insert into sk_states values('CN',29,'CN:CN-91');
insert into sk_states values('CN',30,'CN:CN-65');
insert into sk_states values('CN',31,'CN:CN-54');
insert into sk_states values('CN',32,'CN:CN-53');
insert into sk_states values('CN',33,'CN:CN-33');

--------------------------------------------------------
--  State for Costa Rica country
--------------------------------------------------------

insert into sk_state values('CR:CR-A','CR','CR-A','Alajuela');
insert into sk_state values('CR:CR-C','CR','CR-C','Cartago');
insert into sk_state values('CR:CR-G','CR','CR-G','Guanacaste');
insert into sk_state values('CR:CR-H','CR','CR-H','Heredia');
insert into sk_state values('CR:CR-L','CR','CR-L','Limon');
insert into sk_state values('CR:CR-P','CR','CR-P','Puntarenas');
insert into sk_state values('CR:CR-SJ','CR','CR-SJ','San Jose');

insert into sk_states values('CR',0,'CR:CR-A');
insert into sk_states values('CR',1,'CR:CR-C');
insert into sk_states values('CR',2,'CR:CR-G');
insert into sk_states values('CR',3,'CR:CR-H');
insert into sk_states values('CR',4,'CR:CR-L');
insert into sk_states values('CR',5,'CR:CR-P');
insert into sk_states values('CR',6,'CR:CR-SJ');

--------------------------------------------------------
--  State for Dominican Republic country
--------------------------------------------------------

insert into sk_state values('DO:DO-2','DO','DO-2','Azua');
insert into sk_state values('DO:DO-3','DO','DO-3','Bahoruco');
insert into sk_state values('DO:DO-4','DO','DO-4','Barahona');
insert into sk_state values('DO:DO-5','DO','DO-5','Dajabon');
insert into sk_state values('DO:DO-1','DO','DO-1','Distrito Nacional (Santo Domingo)');
insert into sk_state values('DO:DO-6','DO','DO-6','Duarte');
insert into sk_state values('DO:DO-8','DO','DO-8','El Seybo');
insert into sk_state values('DO:DO-9','DO','DO-9','Espaillat');
insert into sk_state values('DO:DO-30','DO','DO-30','Hato Mayor');
insert into sk_state values('DO:DO-10','DO','DO-10','Independencia');
insert into sk_state values('DO:DO-11','DO','DO-11','La Altagracia');
insert into sk_state values('DO:DO-7','DO','DO-7','La Estrelleta');
insert into sk_state values('DO:DO-12','DO','DO-12','La Romana');
insert into sk_state values('DO:DO-13','DO','DO-13','La Vega');
insert into sk_state values('DO:DO-14','DO','DO-14','Maria Trinidad Sanchez');
insert into sk_state values('DO:DO-28','DO','DO-28','Monsenor Nouel');
insert into sk_state values('DO:DO-15','DO','DO-15','Monte Cristi');
insert into sk_state values('DO:DO-29','DO','DO-29','Monte Plata');
insert into sk_state values('DO:DO-16','DO','DO-16','Pedernales');
insert into sk_state values('DO:DO-17','DO','DO-17','Peravia');
insert into sk_state values('DO:DO-18','DO','DO-18','Puerto Plata');
insert into sk_state values('DO:DO-19','DO','DO-19','Salcedo');
insert into sk_state values('DO:DO-20','DO','DO-20','Samana');
insert into sk_state values('DO:DO-21','DO','DO-21','San Cristobal');
insert into sk_state values('DO:DO-31','DO','DO-31','San Jose de Ocoa');
insert into sk_state values('DO:DO-22','DO','DO-22','San Juan');
insert into sk_state values('DO:DO-23','DO','DO-23','San Pedro de Macoris');
insert into sk_state values('DO:DO-24','DO','DO-24','Sanchez Ramirez');
insert into sk_state values('DO:DO-25','DO','DO-25','Santiago');
insert into sk_state values('DO:DO-26','DO','DO-26','Santiago Rodriguez');
insert into sk_state values('DO:DO-32','DO','DO-32','Santo Domingo');
insert into sk_state values('DO:DO-27','DO','DO-27','Valverde');


insert into sk_states values('DO',0,'DO:DO-2');
insert into sk_states values('DO',1,'DO:DO-3');
insert into sk_states values('DO',2,'DO:DO-4');
insert into sk_states values('DO',3,'DO:DO-5');
insert into sk_states values('DO',4,'DO:DO-1');
insert into sk_states values('DO',5,'DO:DO-6');
insert into sk_states values('DO',6,'DO:DO-8');
insert into sk_states values('DO',7,'DO:DO-9');
insert into sk_states values('DO',8,'DO:DO-30');
insert into sk_states values('DO',9,'DO:DO-10');
insert into sk_states values('DO',10,'DO:DO-11');
insert into sk_states values('DO',11,'DO:DO-7');
insert into sk_states values('DO',12,'DO:DO-12');
insert into sk_states values('DO',13,'DO:DO-13');
insert into sk_states values('DO',14,'DO:DO-14');
insert into sk_states values('DO',15,'DO:DO-28');
insert into sk_states values('DO',16,'DO:DO-15');
insert into sk_states values('DO',17,'DO:DO-29');
insert into sk_states values('DO',18,'DO:DO-16');
insert into sk_states values('DO',19,'DO:DO-17');
insert into sk_states values('DO',20,'DO:DO-18');
insert into sk_states values('DO',21,'DO:DO-19');
insert into sk_states values('DO',22,'DO:DO-20');
insert into sk_states values('DO',23,'DO:DO-21');
insert into sk_states values('DO',24,'DO:DO-31');
insert into sk_states values('DO',25,'DO:DO-22');
insert into sk_states values('DO',26,'DO:DO-23');
insert into sk_states values('DO',27,'DO:DO-24');
insert into sk_states values('DO',28,'DO:DO-25');
insert into sk_states values('DO',29,'DO:DO-26');
insert into sk_states values('DO',30,'DO:DO-32');
insert into sk_states values('DO',31,'DO:DO-27');



--------------------------------------------------------
--  State for El Salvador country
--------------------------------------------------------

insert into sk_state values('SV:SV-AH','SV','SV-AH','Ahuachapan');
insert into sk_state values('SV:SV-CA','SV','SV-CA','Cabanas');
insert into sk_state values('SV:SV-CH','SV','SV-CH','Chalatenango');
insert into sk_state values('SV:SV-CU','SV','SV-CU','Cuscatlan');
insert into sk_state values('SV:SV-LI','SV','SV-LI','La Libertad');
insert into sk_state values('SV:SV-PA','SV','SV-PA','La Paz');
insert into sk_state values('SV:SV-UN','SV','SV-UN','La Union');
insert into sk_state values('SV:SV-MO','SV','SV-MO','Morazan');
insert into sk_state values('SV:SV-SM','SV','SV-SM','San Miguel');
insert into sk_state values('SV:SV-SS','SV','SV-SS','San Salvador');
insert into sk_state values('SV:SV-SV','SV','SV-SV','San Vicente');
insert into sk_state values('SV:SV-SA','SV','SV-SA','Santa Ana');
insert into sk_state values('SV:SV-SO','SV','SV-SO','Sonsonate');
insert into sk_state values('SV:SV-US','SV','SV-US','Usulutan');


insert into sk_states values('SV',0,'SV:SV-AH');
insert into sk_states values('SV',1,'SV:SV-CA');
insert into sk_states values('SV',2,'SV:SV-CH');
insert into sk_states values('SV',3,'SV:SV-CU');
insert into sk_states values('SV',4,'SV:SV-LI');
insert into sk_states values('SV',5,'SV:SV-PA');
insert into sk_states values('SV',6,'SV:SV-UN');
insert into sk_states values('SV',7,'SV:SV-MO');
insert into sk_states values('SV',8,'SV:SV-SM');
insert into sk_states values('SV',9,'SV:SV-SS');
insert into sk_states values('SV',10,'SV:SV-SV');
insert into sk_states values('SV',11,'SV:SV-SA');
insert into sk_states values('SV',12,'SV:SV-SO');
insert into sk_states values('SV',13,'SV:SV-US');




//Guatemala
insert into sk_state values('GT:GT-AV','GT','GT-AV','Alta Verapaz');
insert into sk_state values('GT:GT-BV','GT','GT-BV','Baja Verapaz');
insert into sk_state values('GT:GT-CM','GT','GT-CM','Chimaltenango');
insert into sk_state values('GT:GT-CQ','GT','GT-CQ','Chiquimula');
insert into sk_state values('GT:GT-PR','GT','GT-PR','El Progreso');
insert into sk_state values('GT:GT-ES','GT','GT-ES','Escuintla');
insert into sk_state values('GT:GT-GU','GT','GT-GU','Guatemala');
insert into sk_state values('GT:GT-HU','GT','GT-HU','Huehuetenango');
insert into sk_state values('GT:GT-IZ','GT','GT-IZ','Izabal');
insert into sk_state values('GT:GT-JA','GT','GT-JA','Jalapa');
insert into sk_state values('GT:GT-JU','GT','GT-JU','Jutiapa');
insert into sk_state values('GT:GT-PE','GT','GT-PE','Peten');
insert into sk_state values('GT:GT-QZ','GT','GT-QZ','Quetzaltenango');
insert into sk_state values('GT:GT-QC','GT','GT-QC','Quiche');
insert into sk_state values('GT:GT-RE','GT','GT-RE','Retalhuleu');
insert into sk_state values('GT:GT-SA','GT','GT-SA','Sacatepequez');
insert into sk_state values('GT:GT-SM','GT','GT-SM','San Marcos');
insert into sk_state values('GT:GT-SR','GT','GT-SR','Santa Rosa');
insert into sk_state values('GT:GT-SO','GT','GT-SO','Solola');
insert into sk_state values('GT:GT-SU','GT','GT-SU','Suchitepequez');
insert into sk_state values('GT:GT-TO','GT','GT-TO','Totonicapan');
insert into sk_state values('GT:GT-ZA','GT','GT-ZA','Zacapa');


insert into sk_states values ('GT',0,'GT:GT-AV');
insert into sk_states values ('GT',1,'GT:GT-BV');
insert into sk_states values ('GT',2,'GT:GT-CM');
insert into sk_states values ('GT',3,'GT:GT-CQ');
insert into sk_states values ('GT',4,'GT:GT-PR');
insert into sk_states values ('GT',5,'GT:GT-ES');
insert into sk_states values ('GT',6,'GT:GT-GU');
insert into sk_states values ('GT',7,'GT:GT-HU');
insert into sk_states values ('GT',8,'GT:GT-IZ');
insert into sk_states values ('GT',9,'GT:GT-JA');
insert into sk_states values ('GT',10,'GT:GT-JU');
insert into sk_states values ('GT',11,'GT:GT-PE');
insert into sk_states values ('GT',12,'GT:GT-QZ');
insert into sk_states values ('GT',13,'GT:GT-QC');
insert into sk_states values ('GT',14,'GT:GT-RE');
insert into sk_states values ('GT',15,'GT:GT-SA');
insert into sk_states values ('GT',16,'GT:GT-SM');
insert into sk_states values ('GT',17,'GT:GT-SR');
insert into sk_states values ('GT',18,'GT:GT-SO');
insert into sk_states values ('GT',19,'GT:GT-SU');
insert into sk_states values ('GT',20,'GT:GT-TO');
insert into sk_states values ('GT',21,'GT:GT-ZA');

//Honduras

insert into sk_state values('HN:HN-AT','HN','HN-AT','Atlantida');
insert into sk_state values('HN:HN-CH','HN','HN-CH','Choluteca');
insert into sk_state values('HN:HN-CL','HN','HN-CL','Colon');
insert into sk_state values('HN:HN-CM','HN','HN-CM','Comayagua');
insert into sk_state values('HN:HN-CP','HN','HN-CP','Copan');
insert into sk_state values('HN:HN-CR','HN','HN-CR','Cortes');
insert into sk_state values('HN:HN-EP','HN','HN-EP','El Paraiso');
insert into sk_state values('HN:HN-FM','HN','HN-FM','Francisco Morazan');
insert into sk_state values('HN:HN-GD','HN','HN-GD','Gracias a Dios');
insert into sk_state values('HN:HN-IN','HN','HN-IN','Intibuca');
insert into sk_state values('HN:HN-IB','HN','HN-IB','Islas de la Bahia');
insert into sk_state values('HN:HN-LP','HN','HN-LP','La Paz');
insert into sk_state values('HN:HN-LE','HN','HN-LE','Lempira');
insert into sk_state values('HN:HN-OC','HN','HN-OC','Ocotepeque');
insert into sk_state values('HN:HN-OL','HN','HN-OL','Olancho');
insert into sk_state values('HN:HN-SB','HN','HN-SB','Santa Barbara');
insert into sk_state values('HN:HN-VA','HN','HN-VA','Valle');
insert into sk_state values('HN:HN-YO','HN','HN-YO','Yoro');


insert into sk_states values ('HN',0,'HN:HN-AT');
insert into sk_states values ('HN',1,'HN:HN-CH');
insert into sk_states values ('HN',2,'HN:HN-CL');
insert into sk_states values ('HN',3,'HN:HN-CM');
insert into sk_states values ('HN',4,'HN:HN-CP');
insert into sk_states values ('HN',5,'HN:HN-CR');
insert into sk_states values ('HN',6,'HN:HN-EP');
insert into sk_states values ('HN',7,'HN:HN-FM');
insert into sk_states values ('HN',8,'HN:HN-GD');
insert into sk_states values ('HN',9,'HN:HN-IN');
insert into sk_states values ('HN',10,'HN:HN-IB');
insert into sk_states values ('HN',11,'HN:HN-LP');
insert into sk_states values ('HN',12,'HN:HN-LE');
insert into sk_states values ('HN',13,'HN:HN-OC');
insert into sk_states values ('HN',14,'HN:HN-OL');
insert into sk_states values ('HN',15,'HN:HN-SB');
insert into sk_states values ('HN',16,'HN:HN-VA');
insert into sk_states values ('HN',17,'HN:HN-YO');


//Ireland

insert into sk_state values('IS:C','IS','C','Cork');
insert into sk_state values('IS:CE','IS','CE','Clare');
insert into sk_state values('IS:CN','IS','CN','Cavan');
insert into sk_state values('IS:CW','IS','CW','Carlow');
insert into sk_state values('IS:D','IS','D','Dublin');
insert into sk_state values('IS:DL','IS','DL','Donegal');
insert into sk_state values('IS:G','IS','G','Galway');
insert into sk_state values('IS:KE','IS','KE','Kildare');
insert into sk_state values('IS:KK','IS','KK','Kilkenny');
insert into sk_state values('IS:KY','IS','KY','Kerry');
insert into sk_state values('IS:LD','IS','LD','Longford');
insert into sk_state values('IS:LH','IS','LH','Louth');
insert into sk_state values('IS:LK','IS','LK','Limerick');
insert into sk_state values('IS:LM','IS','LM','Leitrim');
insert into sk_state values('IS:LS','IS','LS','Laois');
insert into sk_state values('IS:MH','IS','MH','Meath');
insert into sk_state values('IS:MN','IS','MN','Monaghan');
insert into sk_state values('IS:MO','IS','MO','Mayo');
insert into sk_state values('IS:OY','IS','OY','Offaly');
insert into sk_state values('IS:RN','IS','RN','Roscommon');
insert into sk_state values('IS:SO','IS','SO','Sligo');
insert into sk_state values('IS:TA','IS','TA','Tipperary');
insert into sk_state values('IS:WD','IS','WD','Waterford');
insert into sk_state values('IS:WH','IS','WH','Westmeath');
insert into sk_state values('IS:WW','IS','WW','Wicklow');
insert into sk_state values('IS:WX','IS','WX','Wexford');



insert into sk_states values ('IS',0,'IS:C');
insert into sk_states values ('IS',1,'IS:CE');
insert into sk_states values ('IS',2,'IS:CN');
insert into sk_states values ('IS',3,'IS:CW');
insert into sk_states values ('IS',4,'IS:D');
insert into sk_states values ('IS',5,'IS:DL');
insert into sk_states values ('IS',6,'IS:G');
insert into sk_states values ('IS',7,'IS:KE');
insert into sk_states values ('IS',8,'IS:KK');
insert into sk_states values ('IS',9,'IS:KY');
insert into sk_states values ('IS',10,'IS:LD');
insert into sk_states values ('IS',11,'IS:LH');
insert into sk_states values ('IS',12,'IS:LK');
insert into sk_states values ('IS',13,'IS:LM');
insert into sk_states values ('IS',14,'IS:LS');
insert into sk_states values ('IS',15,'IS:MH');
insert into sk_states values ('IS',16,'IS:MN');
insert into sk_states values ('IS',17,'IS:MO');
insert into sk_states values ('IS',18,'IS:OY');
insert into sk_states values ('IS',19,'IS:RN');
insert into sk_states values ('IS',20,'IS:SO');
insert into sk_states values ('IS',21,'IS:TA');
insert into sk_states values ('IS',22,'IS:WD');
insert into sk_states values ('IS',23,'IS:WH');
insert into sk_states values ('IS',24,'IS:WW');
insert into sk_states values ('IS',25,'IS:WX');

//Nicaragua

insert into sk_state values('NI:NI-AN','NI','NI-AN','Atlantico Norte');
insert into sk_state values('NI:NI-AS','NI','NI-AS','Atlantico Sur');
insert into sk_state values('NI:NI-BO','NI','NI-BO','Boaco');
insert into sk_state values('NI:NI-CA','NI','NI-CA','Carazo');
insert into sk_state values('NI:NI-CI','NI','NI-CI','Chinandega');
insert into sk_state values('NI:NI-CO','NI','NI-CO','Chontales');
insert into sk_state values('NI:NI-ES','NI','NI-ES','Esteli');
insert into sk_state values('NI:NI-GR','NI','NI-GR','Granada');
insert into sk_state values('NI:NI-JI','NI','NI-JI','Jinotega');
insert into sk_state values('NI:NI-LE','NI','NI-LE','Leon');
insert into sk_state values('NI:NI-MD','NI','NI-MD','Madriz');
insert into sk_state values('NI:NI-MN','NI','NI-MN','Managua');
insert into sk_state values('NI:NI-MS','NI','NI-MS','Masaya');
insert into sk_state values('NI:NI-MT','NI','NI-MT','Matagalpa');
insert into sk_state values('NI:NI-NS','NI','NI-NS','Nueva Segovia');
insert into sk_state values('NI:NI-SJ','NI','NI-SJ','Rio San Juan');
insert into sk_state values('NI:NI-RI','NI','NI-RI','Rivas');



insert into sk_states values ('NI',0,'NI:NI-AN');
insert into sk_states values ('NI',1,'NI:NI-AS');
insert into sk_states values ('NI',2,'NI:NI-BO');
insert into sk_states values ('NI',3,'NI:NI-CA');
insert into sk_states values ('NI',4,'NI:NI-CI');
insert into sk_states values ('NI',5,'NI:NI-CO');
insert into sk_states values ('NI',6,'NI:NI-ES');
insert into sk_states values ('NI',7,'NI:NI-GR');
insert into sk_states values ('NI',8,'NI:NI-JI');
insert into sk_states values ('NI',9,'NI:NI-LE');
insert into sk_states values ('NI',10,'NI:NI-MD');
insert into sk_states values ('NI',11,'NI:NI-MN');
insert into sk_states values ('NI',12,'NI:NI-MS');
insert into sk_states values ('NI',13,'NI:NI-MT');
insert into sk_states values ('NI',14,'NI:NI-NS');
insert into sk_states values ('NI',15,'NI:NI-SJ');
insert into sk_states values ('NI',16,'NI:NI-RI');

commit;
